"id";"title";"content";"created_at";"updated_at"
"0216a66e-2cb9-4977-ab2a-9b74af824d92";"b";"b";"2019-12-03 16:53:03";"2019-12-03 16:53:03"
"049f815c-5108-4418-ac5b-bf40b69b2981";"post title";"comment test";"2019-12-09 21:49:17";"2019-12-09 21:49:17"
"09c33eed-13b0-46db-941b-509fec766068";"post logged in";"comment";"2019-12-03 21:30:49";"2019-12-03 21:30:49"
"0bfee067-c727-4970-b896-e299da229efe";"bjb";"nmkjk";"2019-12-09 09:41:56";"2019-12-09 09:41:56"
"1";"school";"Class starts at 8am";"2019-09-14 02:02:00";"2019-11-21 20:50:37"
"10";"midterm";"studying for midterm next week. Fighting!";"2019-10-10 05:40:00";"2019-10-10 05:50:00"
"11";"dinner time";"In and out. Yay!!!!";"2019-10-10 01:20:00";"2019-10-10 02:00:00"
"12";"Test post 1";"In lacinia ante sed sapien dignissim, id luctus orci lobortis.";"2019-11-21 20:53:11";"2019-11-21 20:53:11"
"13";"cool me down";"orange just, please!";"2019-10-12 02:10:00";"2019-10-12 02:35:00"
"14";"autumn";"The scenery is pretty today";"2019-08-06 01:35:00";"2019-08-06 02:05:00"
"15";"3:am";"cannot sleep at all";"2019-09-07 01:20:00";"2019-09-07 01:30:00"
"2";"food again!";"I love Korean food";"2019-09-14 06:02:00";"2019-09-14 06:08:00"
"22d8c759-ba39-457e-8ec7-f93d0f39f0b5";"Project";"CS157A";"2019-12-03 06:29:02";"2019-12-03 06:29:02"
"2484ac1b-0aa4-4948-b053-f62d96d08182";"Project";"CS157A";"2019-12-03 06:29:25";"2019-12-03 06:29:25"
"2874ae82-c883-45dc-ba50-4a3101bbc69f";"Cs157";"Great";"2019-12-06 21:52:08";"2019-12-06 21:52:08"
"3";"last vacation";"I went to Disneyland";"2019-08-02 03:30:00";"2019-08-02 03:50:00"
"34c15968-6b29-474e-ac5d-b688603aae3a";"a";"a";"2019-12-03 16:46:43";"2019-12-03 16:46:43"
"36a04a2e-f517-4726-863f-9a381505769f";"c";"c";"2019-12-03 16:54:36";"2019-12-03 16:54:36"
"4";"favorite season";"Fall is here!";"2019-07-30 03:10:00";"2019-07-30 03:35:00"
"4028c265-d54b-4026-9342-88327a6dc7bd";"test2";"it's a test!";"2019-12-03 22:34:28";"2019-12-03 22:34:28"
"5";"on the way";"It's raining, taking bus home";"2019-10-11 01:20:00";"2019-11-10 01:25:00"
"503279c8-72e0-4279-882b-01ea7608e518";"Project";"CS157A";"2019-12-03 06:29:23";"2019-12-03 06:29:23"
"57dc38f2-cf48-426f-afa2-f683c1c75c7d";"This is Teestdsf";"tplase wrokkf ";"2019-12-02 07:35:58";"2019-12-02 07:35:58"
"587b33ca-ad10-403f-abd5-571e386d876a";" tester 1 post";"Post Test";"2019-12-03 04:23:30";"2019-12-03 04:23:30"
"6";"cousin's pet";"The cat is so cute!";"2019-07-10 01:00:00";"2019-07-10 01:20:00"
"7";"Noodle time";"Eating ramen is the best for cold day";"2019-09-14 02:02:00";"2019-09-14 02:12:00"
"755787b9-1729-4521-81cc-ebaee99b5f97";"Project";"CS157A";"2019-12-03 06:29:05";"2019-12-03 06:29:05"
"7822d835-b0de-418f-a1f9-7876c39c80ef";"dfad";"asdf";"2019-12-03 16:57:21";"2019-12-03 16:57:21"
"8";"Good morning";"Startbuck, starting a good day";"2019-08-14 05:05:00";"2019-08-14 05:10:00"
"801887ac-2856-400b-b94b-d78da19c4298";"Project";"CS157A";"2019-12-03 06:29:03";"2019-12-03 06:29:03"
"850d15f0-45e9-4c82-b7b0-4b95f8af3458";"teste";"wwer";"2019-12-03 09:17:21";"2019-12-03 09:17:21"
"88241fb9-35c8-4113-9f65-b5f300ef3486";"post science channel";"comment test";"2019-12-03 21:54:28";"2019-12-03 21:54:28"
"8ee4806d-65f8-44a4-967a-61b0ff7d254a";"bjb";"nmkjk";"2019-12-09 09:41:56";"2019-12-09 09:41:56"
"9";"Halloween";"let's go trick or treat";"2019-09-20 08:02:00";"2019-09-20 08:15:00"
"9b558ee6-c04e-4ccb-9070-5f8af4be84ef";"d";"d";"2019-12-03 16:56:17";"2019-12-03 16:56:17"
"9e5816ad-0cb0-4f52-af90-96ca5992449a";"final week";"so stressful!";"2019-12-06 11:02:49";"2019-12-06 11:02:49"
"a2db7f6f-b67c-47ba-89e2-ad4dafff134f";"Test";"test";"2019-12-03 16:36:10";"2019-12-03 16:36:10"
"a6f93f27-28e7-40b6-a87d-6730e1265ef3";"This is created by test1 user";"Delete this!";"2019-12-03 05:11:33";"2019-12-03 05:11:33"
"b075066c-6644-441c-8968-e4fccb97b040";"Test";"test an";"2019-12-03 09:19:28";"2019-12-03 09:19:28"
"b15744a1-7bcf-4f2f-b896-ecd0398df336";"adf";"weewr";"2019-12-03 16:41:37";"2019-12-03 16:41:37"
"b92d47e4-17e7-44cb-9e59-d03a167e40a6";"test2";"just a test!";"2019-12-05 10:20:14";"2019-12-05 10:20:14"
"cdda7357-8d22-456f-940e-d91521f90246";"1234";"yes";"2019-12-09 09:41:10";"2019-12-09 09:41:10"
"da4bcd19-8810-43d3-a3c6-44b42fbd0c67";"in class";"presentation!";"2019-12-03 22:39:37";"2019-12-03 22:39:37"
"debfdde0-96c5-462a-b4bc-e09dc4b0eaf1";"Project";"CS157A";"2019-12-03 06:29:08";"2019-12-03 06:29:08"
"ee5e26ff-f87b-444e-91df-56f04d1dab32";"Project";"CS157A";"2019-12-03 06:29:07";"2019-12-03 06:29:07"
"f2f1f7a9-87d1-4423-b2ba-be19d2a9a75b";"science";"it works!";"2019-12-11 04:00:33";"2019-12-11 04:00:33"
